{
  "users": {
    "6289636535790@s.whatsapp.net": {
      "afkTime": -1,
      "afkReason": "",
      "limit": 25
    },
    "6285692287644@s.whatsapp.net": {
      "afkTime": -1,
      "afkReason": "",
      "limit": 25
    },
    "628990618871@s.whatsapp.net": {
      "afkTime": -1,
      "afkReason": "",
      "limit": 25
    },
    "628990619078@s.whatsapp.net": {
      "afkTime": -1,
      "afkReason": "",
      "limit": 25
    },
    "62895604670507@s.whatsapp.net": {
      "afkTime": -1,
      "afkReason": "",
      "limit": 9999
    },
    "6283866276094@s.whatsapp.net": {
      "afkTime": -1,
      "afkReason": "",
      "limit": 25
    },
    "6281328144300@s.whatsapp.net": {
      "afkTime": -1,
      "afkReason": "",
      "limit": 25
    },
    "6287774564088@s.whatsapp.net": {
      "afkTime": -1,
      "afkReason": "",
      "limit": 25
    },
    "6283120391250@s.whatsapp.net": {
      "afkTime": -1,
      "afkReason": "",
      "limit": 25
    },
    "6287799146332@s.whatsapp.net": {
      "afkTime": -1,
      "afkReason": "",
      "limit": 25
    },
    "6285752271870@s.whatsapp.net": {
      "afkTime": -1,
      "afkReason": "",
      "limit": 25
    },
    "6282252777135@s.whatsapp.net": {
      "afkTime": -1,
      "afkReason": "",
      "limit": 25
    },
    "6282218416968@s.whatsapp.net": {
      "afkTime": -1,
      "afkReason": "",
      "limit": 25
    },
    "6281236167286@s.whatsapp.net": {
      "afkTime": -1,
      "afkReason": "",
      "limit": 25
    },
    "6281905091832@s.whatsapp.net": {
      "afkTime": -1,
      "afkReason": "",
      "limit": 25
    },
    "6287838826232@s.whatsapp.net": {
      "afkTime": -1,
      "afkReason": "",
      "limit": 25
    },
    "6282127487538@s.whatsapp.net": {
      "afkTime": -1,
      "afkReason": "",
      "limit": 25
    },
    "6283164445159@s.whatsapp.net": {
      "afkTime": -1,
      "afkReason": "",
      "limit": 25
    },
    "6281388381769@s.whatsapp.net": {
      "afkTime": -1,
      "afkReason": "",
      "limit": 25
    },
    "6285712164089@s.whatsapp.net": {
      "afkTime": -1,
      "afkReason": "",
      "limit": 25
    },
    "6283867102010@s.whatsapp.net": {
      "afkTime": -1,
      "afkReason": "",
      "limit": 25
    },
    "62895383002168@s.whatsapp.net": {
      "afkTime": -1,
      "afkReason": "",
      "limit": 25
    },
    "6283837534855@s.whatsapp.net": {
      "afkTime": -1,
      "afkReason": "",
      "limit": 25
    },
    "6281535365496@s.whatsapp.net": {
      "afkTime": -1,
      "afkReason": "",
      "limit": 25
    },
    "62895347198105@s.whatsapp.net": {
      "afkTime": -1,
      "afkReason": "",
      "limit": 25
    },
    "6281332093398@s.whatsapp.net": {
      "afkTime": -1,
      "afkReason": "",
      "limit": 25
    },
    "6283836376224@s.whatsapp.net": {
      "afkTime": -1,
      "afkReason": "",
      "limit": 25
    },
    "6288219982449@s.whatsapp.net": {
      "afkTime": 1665718993806,
      "afkReason": "",
      "limit": 25
    },
    "6285702249038@s.whatsapp.net": {
      "afkTime": -1,
      "afkReason": "",
      "limit": 25
    },
    "62887436076511@s.whatsapp.net": {
      "afkTime": -1,
      "afkReason": "",
      "limit": 25
    },
    "6285290230070@s.whatsapp.net": {
      "afkTime": -1,
      "afkReason": "",
      "limit": 25
    },
    "6281326801623@s.whatsapp.net": {
      "afkTime": -1,
      "afkReason": "",
      "limit": 25
    },
    "6281228859172@s.whatsapp.net": {
      "afkTime": -1,
      "afkReason": "",
      "limit": 25
    },
    "6285930479303@s.whatsapp.net": {
      "afkTime": -1,
      "afkReason": "",
      "limit": 25
    },
    "6283862385731@s.whatsapp.net": {
      "afkTime": -1,
      "afkReason": "",
      "limit": 25
    },
    "6289520337552@s.whatsapp.net": {
      "afkTime": -1,
      "afkReason": "",
      "limit": 25
    },
    "13147894392@s.whatsapp.net": {
      "afkTime": -1,
      "afkReason": "",
      "limit": 25
    },
    "6283870480221@s.whatsapp.net": {
      "afkTime": -1,
      "afkReason": "",
      "limit": 25
    },
    "919389379221@s.whatsapp.net": {
      "afkTime": -1,
      "afkReason": "",
      "limit": 25
    },
    "6289530318431@s.whatsapp.net": {
      "afkTime": -1,
      "afkReason": "",
      "limit": 25
    },
    "6289688206739@s.whatsapp.net": {
      "afkTime": -1,
      "afkReason": "",
      "limit": 25
    },
    "6281337456591@s.whatsapp.net": {
      "afkTime": -1,
      "afkReason": "",
      "limit": 25
    },
    "6281375443931@s.whatsapp.net": {
      "afkTime": -1,
      "afkReason": "",
      "limit": 25
    },
    "6285842894011@s.whatsapp.net": {
      "afkTime": -1,
      "afkReason": "",
      "limit": 25
    },
    "6283139989451@s.whatsapp.net": {
      "afkTime": -1,
      "afkReason": "",
      "limit": 25
    },
    "6289508503105@s.whatsapp.net": {
      "afkTime": -1,
      "afkReason": "",
      "limit": 25
    },
    "6285725927450@s.whatsapp.net": {
      "afkTime": -1,
      "afkReason": "",
      "limit": 25
    },
    "6283819009632@s.whatsapp.net": {
      "afkTime": -1,
      "afkReason": "",
      "limit": 25
    },
    "6281528673135@s.whatsapp.net": {
      "afkTime": -1,
      "afkReason": "",
      "limit": 25
    },
    "6283840694633@s.whatsapp.net": {
      "afkTime": -1,
      "afkReason": "",
      "limit": 25
    },
    "6289531156688@s.whatsapp.net": {
      "afkTime": -1,
      "afkReason": "",
      "limit": 25
    },
    "6283105548597@s.whatsapp.net": {
      "afkTime": -1,
      "afkReason": "",
      "limit": 25
    },
    "6281328709350@s.whatsapp.net": {
      "afkTime": -1,
      "afkReason": "",
      "limit": 25
    },
    "6285310390514@s.whatsapp.net": {
      "afkTime": -1,
      "afkReason": "",
      "limit": 25
    },
    "6281265970249@s.whatsapp.net": {
      "afkTime": -1,
      "afkReason": "",
      "limit": 25
    },
    "6281349561309@s.whatsapp.net": {
      "afkTime": -1,
      "afkReason": "",
      "limit": 25
    },
    "6281936035951@s.whatsapp.net": {
      "afkTime": -1,
      "afkReason": "",
      "limit": 25
    },
    "6285732352099@s.whatsapp.net": {
      "afkTime": -1,
      "afkReason": "",
      "limit": 25
    },
    "6282351879996@s.whatsapp.net": {
      "afkTime": -1,
      "afkReason": "",
      "limit": 25
    },
    "6283804616591@s.whatsapp.net": {
      "afkTime": -1,
      "afkReason": "",
      "limit": 25
    },
    "62895325517432@s.whatsapp.net": {
      "afkTime": -1,
      "afkReason": "",
      "limit": 25
    },
    "6287749692187@s.whatsapp.net": {
      "afkTime": -1,
      "afkReason": "",
      "limit": 25
    },
    "6285714002173@s.whatsapp.net": {
      "afkTime": -1,
      "afkReason": "",
      "limit": 25
    },
    "6282288048569@s.whatsapp.net": {
      "afkTime": -1,
      "afkReason": "",
      "limit": 25
    },
    "6281361281833@s.whatsapp.net": {
      "afkTime": -1,
      "afkReason": "",
      "limit": 25
    },
    "6283845552960@s.whatsapp.net": {
      "afkTime": -1,
      "afkReason": "",
      "limit": 25
    },
    "12537664937@s.whatsapp.net": {
      "afkTime": -1,
      "afkReason": "",
      "limit": 25
    },
    "6285337218629@s.whatsapp.net": {
      "afkTime": -1,
      "afkReason": "",
      "limit": 25
    },
    "6281213510486@s.whatsapp.net": {
      "afkTime": -1,
      "afkReason": "",
      "limit": 25
    },
    "6283140924644@s.whatsapp.net": {
      "afkTime": -1,
      "afkReason": "",
      "limit": 25
    },
    "6288271109247@s.whatsapp.net": {
      "afkTime": -1,
      "afkReason": "",
      "limit": 25
    },
    "6283173503940@s.whatsapp.net": {
      "afkTime": -1,
      "afkReason": "",
      "limit": 25
    },
    "6288976849112@s.whatsapp.net": {
      "afkTime": -1,
      "afkReason": "",
      "limit": 25
    },
    "6285722912975@s.whatsapp.net": {
      "afkTime": -1,
      "afkReason": "",
      "limit": 25
    },
    "6281282182087@s.whatsapp.net": {
      "afkTime": -1,
      "afkReason": "",
      "limit": 25
    },
    "6283144700823@s.whatsapp.net": {
      "afkTime": -1,
      "afkReason": "",
      "limit": 25
    },
    "6288297411402@s.whatsapp.net": {
      "afkTime": -1,
      "afkReason": "",
      "limit": 25
    },
    "6289503684803@s.whatsapp.net": {
      "afkTime": -1,
      "afkReason": "",
      "limit": 25
    },
    "6281386943282@s.whatsapp.net": {
      "afkTime": -1,
      "afkReason": "",
      "limit": 25
    },
    "6283827841966@s.whatsapp.net": {
      "afkTime": -1,
      "afkReason": "",
      "limit": 25
    },
    "6283842839555@s.whatsapp.net": {
      "afkTime": -1,
      "afkReason": "",
      "limit": 25
    },
    "6282327020033@s.whatsapp.net": {
      "afkTime": -1,
      "afkReason": "",
      "limit": 25
    },
    "6283869408423@s.whatsapp.net": {
      "afkTime": -1,
      "afkReason": "",
      "limit": 25
    },
    "6289636515928@s.whatsapp.net": {
      "afkTime": -1,
      "afkReason": "",
      "limit": 25
    },
    "6285798048936@s.whatsapp.net": {
      "afkTime": -1,
      "afkReason": "",
      "limit": 25
    },
    "6285754542881@s.whatsapp.net": {
      "afkTime": -1,
      "afkReason": "",
      "limit": 25
    }
  },
  "chats": {
    "6289636535790@s.whatsapp.net": {
      "mute": false,
      "antilink": false
    },
    "6285692287644@s.whatsapp.net": {
      "mute": false,
      "antilink": false
    },
    "120363044273047614@g.us": {
      "mute": false,
      "antilink": false
    },
    "62895604670507@s.whatsapp.net": {
      "mute": false,
      "antilink": false
    },
    "6283866276094@s.whatsapp.net": {
      "mute": false,
      "antilink": false
    },
    "status@broadcast": {
      "mute": false,
      "antilink": false
    },
    "6281328144300@s.whatsapp.net": {
      "mute": false,
      "antilink": false
    },
    "6287774564088@s.whatsapp.net": {
      "mute": false,
      "antilink": false
    },
    "6283120391250@s.whatsapp.net": {
      "mute": false,
      "antilink": false
    },
    "6287799146332@s.whatsapp.net": {
      "mute": false,
      "antilink": false
    },
    "6285752271870@s.whatsapp.net": {
      "mute": false,
      "antilink": false
    },
    "120363027100877585@g.us": {
      "mute": false,
      "antilink": false
    },
    "6282252777135@s.whatsapp.net": {
      "mute": false,
      "antilink": false
    },
    "6281236167286@s.whatsapp.net": {
      "mute": false,
      "antilink": false
    },
    "6281905091832@s.whatsapp.net": {
      "mute": false,
      "antilink": false
    },
    "120363026804646990@g.us": {
      "mute": false,
      "antilink": false
    },
    "6287838826232@s.whatsapp.net": {
      "mute": false,
      "antilink": false
    },
    "120363026112699201@g.us": {
      "mute": false,
      "antilink": false
    },
    "6282127487538@s.whatsapp.net": {
      "mute": false,
      "antilink": false
    },
    "6281388381769@s.whatsapp.net": {
      "mute": false,
      "antilink": false
    },
    "6281535365496@s.whatsapp.net": {
      "mute": false,
      "antilink": false
    },
    "6281326801623@s.whatsapp.net": {
      "mute": false,
      "antilink": false
    },
    "919389379221@s.whatsapp.net": {
      "mute": false,
      "antilink": false
    },
    "6289530318431@s.whatsapp.net": {
      "mute": false,
      "antilink": false
    },
    "6281337456591@s.whatsapp.net": {
      "mute": false,
      "antilink": false
    },
    "6285702249038@s.whatsapp.net": {
      "mute": false,
      "antilink": false
    },
    "6283139989451@s.whatsapp.net": {
      "mute": false,
      "antilink": false
    },
    "6285725927450@s.whatsapp.net": {
      "mute": false,
      "antilink": false
    },
    "120363024788895179@g.us": {
      "mute": false,
      "antilink": false
    },
    "17785528145-1488941144@g.us": {
      "mute": false,
      "antilink": false
    },
    "6281328709350@s.whatsapp.net": {
      "mute": false,
      "antilink": false
    },
    "6285714002173@s.whatsapp.net": {
      "mute": false,
      "antilink": false
    },
    "6283845552960@s.whatsapp.net": {
      "mute": false,
      "antilink": false
    },
    "12537664937@s.whatsapp.net": {
      "mute": false,
      "antilink": false
    },
    "6288976849112@s.whatsapp.net": {
      "mute": false,
      "antilink": false
    },
    "6281282182087@s.whatsapp.net": {
      "mute": false,
      "antilink": false
    },
    "6288271109247@s.whatsapp.net": {
      "mute": false,
      "antilink": false
    },
    "6289503684803@s.whatsapp.net": {
      "mute": false,
      "antilink": false
    },
    "6283842839555@s.whatsapp.net": {
      "mute": false,
      "antilink": false
    },
    "6282327020033@s.whatsapp.net": {
      "mute": false,
      "antilink": false
    },
    "6283869408423@s.whatsapp.net": {
      "mute": false,
      "antilink": false
    },
    "6289636515928@s.whatsapp.net": {
      "mute": false,
      "antilink": false
    },
    "6285754542881@s.whatsapp.net": {
      "mute": false,
      "antilink": false
    }
  },
  "database": {},
  "game": {
    "tebaklagu": [],
    "family100": [],
    "math": [],
    "tebakgambar": [],
    "tebakkata": [],
    "lontong": [],
    "lontong_desk": [],
    "kalimat": [],
    "lirik": [],
    "tebakan": []
  },
  "settings": {
    "6289636535790@s.whatsapp.net": {
      "status": 0,
      "autobio": false,
      "templateImage": true,
      "templateVideo": false,
      "templateGif": false,
      "templateMsg": false
    },
    "6282218416968@s.whatsapp.net": {
      "status": 0,
      "autobio": false,
      "templateImage": true,
      "templateVideo": false,
      "templateGif": false,
      "templateMsg": false
    }
  },
  "others": {
    "vote": []
  },
  "sticker": {}
}